id,settlement_index
8001,60.41465353016397
8002,44.05798449851979
8003,59.68391380519036
8004,62.1959505825191
8005,66.82736023542111
8006,57.31052820264421
8007,59.46341402852098
8008,46.566758575384235
8009,64.58660459079015
8010,53.619042481424856
8011,74.8661208968862
8012,67.37531972639286
8013,48.29924119022992
8014,68.02405411381869
8015,51.797721530175224
8016,46.630762876437394
8017,65.66272052774158
8018,67.80178713606043
8019,62.277265123233164
8020,56.97824122811303
8021,53.99585307304928
8022,49.40247492402235
8023,43.17502997713727
8024,73.1014088095819
8025,54.11678377065782
8026,57.22632107770477
8027,70.85816681726122
8028,87.01054890512853
8029,61.32892879176798
8030,65.13945950247418
8031,56.56943575305346
8032,57.99025355560491
8033,52.1626693395491
8034,62.82736505040566
8035,56.85089487513968
8036,48.70883832687171
8037,60.34555647899165
8038,48.514381238580654
8039,56.96529615928718
8040,48.81491863729211
8041,53.8097910077701
8042,51.98052613240694
8043,70.3278714381648
8044,44.530198010655724
8045,57.22983823165614
8046,72.29341938211743
8047,49.13537411964356
8048,47.4459376450445
8049,70.18076057164531
8050,68.94727679741206
8051,63.92589621192279
8052,65.96383795125101
8053,72.61492579449768
8054,51.76423190228468
8055,57.582149226104136
8056,62.18286148262551
8057,58.29319954098992
8058,60.64149085304888
8059,85.94078122352289
8060,67.56534064316655
8061,69.91002982028571
8062,50.757722203856375
8063,44.7022240990996
8064,57.4997792515469
8065,48.76675782158172
8066,61.15985384301938
8067,55.33851201798657
8068,66.63558012569288
8069,60.36958669837291
8070,82.50043121633098
8071,59.3513794124453
8072,61.35015424201498
8073,52.86365139154045
8074,48.5818863250486
8075,80.42130846803163
8076,59.34316849874938
8077,60.56942862268653
8078,56.97556252844422
8079,47.85199824285195
8080,60.2892166433003
8081,56.47703517644934
8082,58.493581991619536
8083,62.88223604611413
8084,51.57707095906842
8085,59.51002285815937
8086,50.21543926788115
8087,44.4079813097468
8088,59.66961114164236
8089,61.76487629403569
8090,78.6650040635537
8091,76.4608571133135
8092,53.74552356207674
8093,64.46628571403268
8094,57.074883134177966
8095,92.08877511310257
8096,53.58561404123958
8097,59.40542011683398
8098,52.8746473867266
8099,79.36575681490083
8100,54.706227000306384
8101,72.90446334290385
8102,48.52557815411221
8103,57.05766072194526
8104,84.6922469747461
8105,58.34559619734972
8106,66.25644687575434
8107,57.70678393264959
8108,46.814244372687185
8109,63.01289451490504
8110,68.27861770268427
8111,47.58747378350477
8112,52.75889654224663
8113,55.1953145305417
8114,75.66396798518389
8115,46.36520949602891
8116,52.019236889674076
8117,54.922601069220285
8118,75.44324486728831
8119,44.41499290863573
8120,50.633826256167296
8121,68.23251229736992
8122,49.20393763024635
8123,54.162508607046405
8124,44.79547559349091
8125,82.30764436703622
8126,57.47526065434914
8127,40.58435965077537
8128,55.737637799614035
8129,60.219654953506996
8130,63.5918898151442
8131,43.12993719260677
8132,64.11321680074873
8133,51.67055133494389
8134,64.16295175111986
8135,56.3693042934514
8136,57.01737600235812
8137,50.01379547646432
8138,63.456572974063874
8139,43.95489649625806
8140,74.42988522858435
8141,60.087366812854995
8142,62.16140210890503
8143,58.46234493564989
8144,53.18289433870401
8145,59.294331648702
8146,54.53940840921016
8147,59.33726274968554
8148,62.61930845063356
8149,56.1009538976261
8150,62.32590145581014
8151,56.52007187248063
8152,59.25117134131872
8153,56.26779943170552
8154,81.71708916597235
8155,63.77193497309147
8156,47.94256870039494
8157,60.88741763108908
8158,48.27339605474035
8159,60.331039839949085
8160,52.19009083277338
8161,62.540968092302045
8162,56.77453861050664
8163,45.70576539322715
8164,47.66860843125038
8165,54.89906841636166
8166,58.75074902662875
8167,58.55244286556118
8168,47.44601999979344
8169,60.125243943824174
8170,75.0292553728751
8171,56.15425146226575
8172,52.49123819785541
8173,73.72800549230806
8174,67.66252386515002
8175,60.51803878592481
8176,82.26203039957122
8177,54.63417554078116
8178,52.517012944262056
8179,53.53103855013232
8180,40.885372094329746
8181,73.10279028773725
8182,67.17933474433886
8183,75.00959637770954
8184,54.01647973090677
8185,51.66052125522644
8186,83.22604849085766
8187,53.60819951085057
8188,52.29162783252998
8189,51.107138591524176
8190,62.157228643346016
8191,74.63475748729334
8192,55.667183461405685
8193,58.59255265730818
8194,66.14576406768336
8195,61.52388947632177
8196,57.821234162283545
8197,54.14256997381648
8198,61.005842658058555
8199,45.20746177040954
8200,56.94877017869627
8201,78.69450092153632
8202,44.8783664856335
8203,53.788750004032366
8204,50.762864250448885
8205,55.07253702989976
8206,59.15034665599463
8207,60.725661260681775
8208,60.03340389567346
8209,54.05791701161145
8210,51.75279378097639
8211,74.6949328627355
8212,48.40213426836894
8213,59.91379504507015
8214,47.78702679750521
8215,47.84580060331626
8216,61.033993990517445
8217,56.10364509403232
8218,78.37657386223752
8219,57.15588729637242
8220,65.49955861721628
8221,75.52842712621569
8222,47.336869636440824
8223,55.623414646359265
8224,57.29249838290552
8225,57.973458112510535
8226,54.035909071784
8227,58.17588915382769
8228,54.92870980832862
8229,65.42863259537425
8230,52.820734323134126
8231,45.16693824438132
8232,66.35475795117115
8233,49.71907389351817
8234,51.28853803404627
8235,54.25464752233425
8236,65.71858916002859
8237,56.02634299157762
8238,51.144855764156
8239,46.548715319915246
8240,63.83272331232788
8241,51.38519903965492
8242,57.625438509930675
8243,54.30994540040341
8244,59.501736310871465
8245,57.283029526355094
8246,54.956644211726896
8247,64.58562625816337
8248,55.9939222370708
8249,66.69549649367326
8250,46.27699900934305
8251,81.1504327112585
8252,61.67502997264597
8253,56.65004612997518
8254,73.28667947881961
8255,53.0426038453445
8256,66.68731821240402
8257,54.44971671860496
8258,70.08128337511205
8259,55.36460459975965
8260,46.82314774129766
8261,70.4209054876526
8262,59.71035641132945
8263,56.53948866001758
8264,62.304730110862785
8265,58.22509703001559
8266,47.091628664508164
8267,48.928744994605395
8268,39.24892771635824
8269,44.87697368585462
8270,75.02253265486065
8271,66.83559596898866
8272,71.16864645008108
8273,47.2794401858444
8274,75.36256371318287
8275,76.93414046371433
8276,50.382119747402434
8277,61.42748263724383
8278,54.082025566675156
8279,73.53992777016923
8280,57.78127400042699
8281,43.528161579881214
8282,58.36604225591475
8283,93.7730730564135
8284,54.51710475081442
8285,53.51806344568505
8286,50.86627668432264
8287,76.17692534215787
8288,42.59945646921937
8289,82.09474855502553
8290,70.29122215179699
8291,72.75999382588662
8292,81.84765035461596
8293,54.87422641583471
8294,49.16910143190483
8295,52.031661899463394
8296,68.75623824224466
8297,71.97888933188592
8298,62.124451470777466
8299,65.68551888742698
8300,68.2468941448853
8301,81.55102452037214
8302,68.81548533990215
8303,46.453243293348955
8304,54.493689886758645
8305,77.28326343586593
8306,66.91187769177048
8307,70.08936975356326
8308,67.24435304716494
8309,62.92249629303966
8310,50.162141391660796
8311,58.34656973063293
8312,40.073035902405536
8313,78.79588089030588
8314,55.031524261432956
8315,63.880579643470284
8316,64.10453621494844
8317,50.51375792619543
8318,94.18771925310884
8319,66.08324317171946
8320,53.20872363993597
8321,52.85269802871952
8322,60.54277945215328
8323,48.77854609102165
8324,91.45079395414783
8325,49.29483857446162
8326,49.137840085682896
8327,56.06210199799126
8328,46.247910998391816
8329,50.13447326629137
8330,61.387261387094796
8331,65.17108914724398
8332,47.66751383951149
8333,56.487313406163445
8334,39.851400577590944
8335,56.16840469461706
8336,67.4383504773896
8337,50.95544237526965
8338,55.28737823964989
8339,53.350312630120676
8340,82.32190800452503
8341,53.651258138003946
8342,62.42793988079869
8343,59.23259940228205
8344,67.68423092236493
8345,56.48968997864917
8346,65.87503068432606
8347,47.20742609136806
8348,79.02236171320786
8349,47.233399018390756
8350,59.10830118143785
8351,62.60952097675067
8352,48.24001273584451
8353,54.80448041261377
8354,65.22210285723688
8355,50.68857998112852
8356,68.1410475884054
8357,50.777438887271344
8358,40.41443731911842
8359,52.00541218604717
8360,59.217932480869386
8361,74.73012919179239
8362,45.43922649542922
8363,56.84097651612294
8364,58.37109182175804
8365,69.61682495457376
8366,57.78179104981334
8367,59.217592339740506
8368,50.96214370773183
8369,55.8480889574671
8370,53.777714276870526
8371,61.018599801136475
8372,55.734649344975345
8373,59.03684286431129
8374,58.22320609724026
8375,56.450019249072696
8376,53.47423854689102
8377,67.86040374677758
8378,65.99691987048546
8379,49.00509569800829
8380,62.62724073690278
8381,62.023902910928385
8382,56.18366626948896
8383,75.23788122972564
8384,47.65987058602197
8385,66.016526726075
8386,77.6150913511942
8387,41.059000584959726
8388,43.12980659367672
8389,58.975544091786126
8390,61.42219741707519
8391,56.92994457366301
8392,52.53425603705061
8393,50.94959619015708
8394,62.16330541018357
8395,58.018848067936304
8396,52.78385489889399
8397,52.265960619377914
8398,45.93287635901045
8399,65.17178719188256
8400,63.74098601136241
8401,58.927711508484585
8402,66.33295833932763
8403,52.27762038959393
8404,73.69236790272875
8405,65.40350095774932
8406,75.89323358268237
8407,58.087685129464546
8408,48.899043900240095
8409,59.1051873540787
8410,41.332728249484695
8411,59.15713590543055
8412,63.7906613098488
8413,81.41800057121
8414,77.78903546423888
8415,52.467676728668835
8416,51.648278008491296
8417,58.49782322239762
8418,65.07690656444387
8419,52.50735169025579
8420,45.28642892178812
8421,85.1339415298381
8422,54.229371062855535
8423,58.3995824592209
8424,45.97175802372881
8425,44.90986342513752
8426,65.02633595594465
8427,57.53916666692665
8428,62.0666444579492
8429,54.37560189073721
8430,47.979987433605075
8431,43.729996491400065
8432,81.71095258366911
8433,62.51219254025077
8434,50.784122408716286
8435,59.64885010592966
8436,59.68089903297836
8437,55.238072904592514
8438,66.543107190778
8439,84.0048630134231
8440,69.3690033910667
8441,46.51852503490043
8442,65.34346559407804
8443,69.26971077473455
8444,83.56162437399453
8445,56.598614673447415
8446,49.605360359096835
8447,54.561248736944776
8448,57.902114222091804
8449,53.76296378810766
8450,76.48117003704948
8451,40.41835164807153
8452,67.43134037041773
8453,65.75462071374918
8454,79.35659891882977
8455,80.90997987996937
8456,51.91726738402882
8457,53.82379478295606
8458,57.86592095837749
8459,74.18521108030019
8460,49.19733214225904
8461,66.71862363706887
8462,48.27934623971229
8463,76.51508690366927
8464,56.33366701248575
8465,56.62853566435672
8466,67.89584632974808
8467,58.74148505800698
8468,56.13764611527754
8469,59.57670549812475
8470,70.24763967685735
8471,59.4871838999674
8472,76.86292053723065
8473,52.56341943152464
8474,60.46699387900939
8475,53.00748569461838
8476,67.97460781031583
8477,67.22302636312506
8478,62.90369388035731
8479,58.596893490242664
8480,48.12644496018877
8481,48.89037113501584
8482,66.82565848317397
8483,62.644641694296425
8484,68.56533213286691
8485,57.08144276192722
8486,64.62071355553311
8487,56.436781512238625
8488,60.1109183891558
8489,46.26283596786034
8490,65.7305902280128
8491,53.90125485036335
8492,51.6194109680844
8493,49.68982432103563
8494,51.566473515150584
8495,55.02428779636407
8496,82.44205910345437
8497,39.329282328815026
8498,56.39623340593157
8499,54.77495095625862
8500,74.81787406121482
8501,56.814189199310896
8502,73.89585158138192
8503,75.14654269177814
8504,49.039902560835074
8505,46.88854969534576
8506,52.56894483923836
8507,73.66191872446552
8508,55.93280272328688
8509,60.480287224286386
8510,59.46002993637067
8511,70.14216550306881
8512,62.6755393211021
8513,62.871689816523336
8514,47.06248449366751
8515,55.83701006657482
8516,83.43526100922797
8517,54.91502686540417
8518,45.71655998823199
8519,58.0870565057322
8520,58.130437179489775
8521,59.920667485531
8522,71.16532901758983
8523,62.62989569159619
8524,49.92999758308688
8525,50.919952483297024
8526,44.463621473529926
8527,58.76763242984955
8528,62.36118663883502
8529,58.64100721680832
8530,75.70780219521365
8531,60.352148440018325
8532,46.16263440138532
8533,54.85732471238252
8534,59.63944603560692
8535,81.81180433529343
8536,55.6998020703723
8537,56.30090341258606
8538,61.565959102745374
8539,50.05767766022801
8540,45.49583205589026
8541,53.335359124149534
8542,56.44717244110353
8543,51.86560341584616
8544,59.401199220678144
8545,52.590302510574496
8546,54.68314182964152
8547,61.5201858999784
8548,65.18430173522704
8549,50.85667742310809
8550,62.05675202351542
8551,48.40588787776478
8552,61.329051061940255
8553,54.49217551784598
8554,60.70510492114029
8555,62.34337857534973
8556,70.97946598129845
8557,51.61213747329608
8558,46.983035121249955
8559,56.610757238117
8560,51.739034760650746
8561,49.393279240589784
8562,65.86531000303606
8563,53.55101758977249
8564,57.83979641978866
8565,75.20222087765133
8566,50.64966891735821
8567,60.541236360117
8568,55.47911967457088
8569,56.245324747383435
8570,61.94434857602761
8571,49.06145049053005
8572,50.84145444405358
8573,53.14712487111368
8574,50.79165700864072
8575,48.60757534375457
8576,55.852535367104814
8577,53.967042568625835
8578,71.31315683299155
8579,68.12745894175876
8580,79.6423947912511
8581,53.25291419832597
8582,61.661477535637005
8583,51.1337527251189
8584,45.35785057017323
8585,79.3473247120825
8586,60.81711479762972
8587,51.986503791971316
8588,57.22601867848748
8589,61.22908969688452
8590,81.64384127751141
8591,68.43942768232799
8592,78.34506694980794
8593,55.30825582580438
8594,62.78274726733211
8595,84.94233276505423
8596,58.88691130478365
8597,57.68661146631888
8598,67.06568336391976
8599,73.66485021063396
8600,51.305881517086824
8601,54.162500532814114
8602,65.87683446725731
8603,52.70460780097734
8604,62.945561930095856
8605,53.407936515482774
8606,77.32360054506043
8607,42.19823115589821
8608,50.359071764119676
8609,57.05755891903127
8610,48.71923379997033
8611,79.06816921983068
8612,50.99143767760257
8613,67.12032292936888
8614,48.35776302866863
8615,74.15266672531641
8616,55.674119191948456
8617,51.09675176036315
8618,61.20429136580744
8619,78.9777977698706
8620,76.65388668133203
8621,50.07702313711162
8622,48.167815891583125
8623,43.8108877749486
8624,61.31335848483708
8625,50.725521844515804
8626,58.438702551268726
8627,54.63288181874733
8628,53.26523221135593
8629,76.12442067297744
8630,69.81873268341417
8631,54.0220741819527
8632,49.468619858450964
8633,59.69644158241611
8634,62.14865813346877
8635,60.6654983293309
8636,62.93745455027265
8637,60.19144110732477
8638,69.19976259302442
8639,50.32998937965077
8640,66.36736902654809
8641,49.65597964763457
8642,53.09588868762829
8643,50.27639542539184
8644,81.14726643655973
8645,54.83903658582635
8646,58.50149618246119
8647,62.484586464752866
8648,51.61424231873091
8649,58.05288353589649
8650,52.04631788776491
8651,51.75013848883697
8652,56.47029703677738
8653,47.44764043481105
8654,57.888376891122356
8655,64.28747286401094
8656,53.44538793497041
8657,47.146992612726606
8658,43.3071064836608
8659,48.59648058381974
8660,51.09585865420565
8661,48.08458809670064
8662,69.32912417893594
8663,58.111328813280466
8664,80.17559477556145
8665,72.71419813711245
8666,63.987906372605565
8667,55.651529563525116
8668,56.5187759312259
8669,45.70637035793583
8670,61.59368383509688
8671,63.32821504881365
8672,56.67071568659544
8673,52.50826331425502
8674,52.50122122564719
8675,60.59510333540982
8676,66.15855862026538
8677,54.35000635371964
8678,42.327278927283274
8679,62.89142009069152
8680,58.90199024299293
8681,72.63825233258252
8682,51.86967343537454
8683,51.13696367724526
8684,57.07678399472898
8685,52.708385051351094
8686,77.22577528318415
8687,57.739696996788055
8688,64.85344608525112
8689,60.10645936214853
8690,42.233252047544525
8691,61.45034075466174
8692,64.72628223575084
8693,83.69157220982231
8694,65.35989789293598
8695,54.55507971994494
8696,65.25581635350056
8697,65.58202569924438
8698,57.39312818846925
8699,44.07216071767281
8700,57.92731612705122
8701,73.28459804131657
8702,68.7766769763397
8703,50.416467660142835
8704,63.907596439981475
8705,46.86174339921779
8706,50.121664634861204
8707,58.0850954870269
8708,74.64881628640765
8709,52.491486504066344
8710,55.34067522167097
8711,55.582421445535886
8712,50.27467219191073
8713,68.74222348535146
8714,48.04569847500669
8715,56.56212353029865
8716,64.28896230537552
8717,43.35457804659277
8718,52.45277114898109
8719,59.60974459460557
8720,63.457843078899394
8721,67.64238628290924
8722,41.85698653061686
8723,54.182103449187785
8724,55.487640481433644
8725,74.03451471477574
8726,46.79658739750388
8727,57.752711070088324
8728,50.09979837473512
8729,54.07944587774315
8730,51.0452360910793
8731,62.74050952485915
8732,58.64195616647155
8733,75.00586979377616
8734,48.73103321753491
8735,61.680893957757874
8736,70.69398823241356
8737,57.67170590333986
8738,66.4826954429715
8739,57.01611239694339
8740,49.12565009552038
8741,54.76391344039272
8742,86.65678207253714
8743,79.3355847467172
8744,56.93084826811181
8745,52.49692847635625
8746,54.34385899963322
8747,64.61614485906334
8748,51.51561235960505
8749,54.82643817405917
8750,42.02819784561704
8751,63.2650387930125
8752,49.94754785154885
8753,49.63973172836037
8754,54.90276241358117
8755,65.74845109763865
8756,81.74626795137881
8757,81.67694155244888
8758,59.73849801829546
8759,81.1158716209663
8760,61.561260603662525
8761,54.57068845980575
8762,62.35286071417706
8763,52.907697940219215
8764,53.89739135750634
8765,67.02387881471365
8766,68.0181918575678
8767,56.666219349629976
8768,51.298374801737566
8769,66.28323422256129
8770,56.5228332114488
8771,71.57012960131144
8772,57.493082978295476
8773,59.3220712098881
8774,82.67463254034433
8775,61.791663813667256
8776,56.987500593474145
8777,50.20733790735942
8778,57.385038209622714
8779,55.8029364969826
8780,65.40235228071128
8781,64.1363362848148
8782,46.18462438643244
8783,54.13154547429637
8784,64.56650511144706
8785,61.09162988086068
8786,56.86853110314703
8787,68.62342516478995
8788,46.29358376375173
8789,51.25158183028471
8790,60.49728673084178
8791,39.59829894015717
8792,79.11850440493694
8793,47.119426927934136
8794,47.18633247808147
8795,64.24865580975582
8796,64.34022199897949
8797,37.0281052636053
8798,67.22034080323016
8799,59.80395788764854
8800,43.72938656645228
8801,53.973726331087434
8802,52.12510087369376
8803,55.26371305158373
8804,44.780721974944356
8805,54.56063906919278
8806,61.08302158138919
8807,53.24623280443368
8808,77.24722157887953
8809,53.742441016874295
8810,41.04292071581127
8811,46.03321936037956
8812,56.05500968517951
8813,52.724443001842566
8814,40.11998020818165
8815,52.23849363150754
8816,66.32287931544968
8817,42.16373052576663
8818,38.842125728967034
8819,56.31340012698545
8820,60.56511052752413
8821,67.6000398718444
8822,57.99722009151585
8823,60.10234950983348
8824,66.95380837821011
8825,52.242467392396804
8826,64.55346200472823
8827,68.45786791481687
8828,70.5056365883366
8829,51.34134738223497
8830,96.44046145788938
8831,45.149621207704385
8832,55.96162388827744
8833,51.657879709099824
8834,66.7726458185177
8835,50.61726438057036
8836,53.38552953541521
8837,54.3396120895844
8838,62.22770609792826
8839,68.70604677096549
8840,57.658785593573306
8841,59.51784499753852
8842,69.31385062647787
8843,56.583386082117514
8844,80.5805673066545
8845,64.64077646766559
8846,87.64296942919763
8847,70.28174253614053
8848,63.820118854190184
8849,61.09676297352293
8850,59.33817609907701
8851,62.88037057985832
8852,51.00217229951757
8853,48.374189703169236
8854,68.41649568225331
8855,75.12523692300378
8856,53.01809282112616
8857,81.21557781583297
8858,42.81636020419078
8859,42.5099972213905
8860,50.8121536439069
8861,54.607278061299
8862,71.96244781613265
8863,67.73520929449846
8864,54.68529334401451
8865,70.99051699690062
8866,61.63686446764693
8867,49.1851396512908
8868,68.0770446166571
8869,61.966311891157076
8870,55.27308347389847
8871,65.56499444219854
8872,52.39488647526323
8873,59.451675269464786
8874,81.72664393539962
8875,80.82447900536202
8876,48.26321351443993
8877,58.75701445531814
8878,51.20827615017341
8879,81.82708524571308
8880,52.7561113653098
8881,78.62724677225737
8882,54.73514204989139
8883,63.339101447524584
8884,53.710472506427905
8885,55.92353601686007
8886,59.357970786308634
8887,50.18979468962838
8888,74.0144961600486
8889,56.722304452383355
8890,50.964271176984255
8891,58.90865895645281
8892,58.19005907151942
8893,83.42794218895172
8894,42.24025351267942
8895,56.377879914922936
8896,61.29558444870446
8897,72.9429608108668
8898,48.822761304592596
8899,73.01168007931318
8900,43.816960432601164
8901,54.38590550616944
8902,82.27555438294499
8903,58.9727283072949
8904,47.507860459515896
8905,49.17301307335006
8906,49.692637104135216
8907,58.57096440883877
8908,78.36251712203205
8909,53.6775009349851
8910,59.31499713925474
8911,48.08328225501812
8912,61.90750825363326
8913,56.36258668148777
8914,57.344228758297255
8915,79.6075181595073
8916,53.69442315077025
8917,52.471548303300594
8918,50.73369427722196
8919,62.460678203296524
8920,73.7698317449999
8921,67.187620356302
8922,49.682748152991316
8923,47.82779587432972
8924,46.067490613945196
8925,51.052775474578304
8926,62.97139183682545
8927,45.72898489778111
8928,58.9466324968099
8929,59.81511680780161
8930,58.05860624370881
8931,55.01104606729261
8932,81.61050734168657
8933,64.30416631791745
8934,46.68094630800697
8935,80.08595180039757
8936,47.23667911582239
8937,64.04242600406482
8938,44.91842076464917
8939,61.89934874083715
8940,44.33391895067696
8941,55.281580390655904
8942,58.60898695684739
8943,76.67515075600302
8944,59.07064166300596
8945,53.805505159306485
8946,60.784178087364
8947,59.78368721427178
8948,42.467866601243195
8949,44.56219115002763
8950,58.797822319197905
8951,75.50438460426935
8952,80.76673952752344
8953,57.42491094860064
8954,54.54449887794017
8955,81.96174718577018
8956,56.51566597078981
8957,56.67796089193581
8958,45.59625803215443
8959,65.77282616944267
8960,58.71133415537729
8961,57.9170052774356
8962,43.53797459405171
8963,48.851244531210156
8964,49.71253460867777
8965,63.59718867710602
8966,50.445881594875395
8967,59.68538292873391
8968,76.54798213632634
8969,53.47891536532139
8970,47.22371618259773
8971,78.64754740408357
8972,81.89104768085596
8973,45.941839167878165
8974,56.95423650078984
8975,64.53670819737223
8976,44.62749012115978
8977,47.769090788918945
8978,46.63746247816154
8979,44.19038921892697
8980,48.06165831226359
8981,62.6856541203954
8982,53.84499937983294
8983,49.59845298981663
8984,48.53680329243524
8985,47.285725210829625
8986,47.759531442528846
8987,61.47855856115812
8988,62.645420557605156
8989,50.33550638690116
8990,40.718174575393725
8991,52.20371384496633
8992,57.96837144454869
8993,56.974725555952524
8994,82.18835218395989
8995,70.10069481516754
8996,48.223447505071455
8997,79.89224156796806
8998,57.00202022084329
8999,52.428780490981886
9000,46.93434203402457
9001,49.76198076885293
9002,55.72434802487404
9003,73.98053615485743
9004,67.42502430135416
9005,59.65978780453484
9006,80.00844502610646
9007,65.44205006691006
9008,67.44741597490005
9009,62.68243510396735
9010,43.18882149207373
9011,73.5689696266742
9012,70.96973816097042
9013,55.21327700042966
9014,40.164179313300366
9015,63.5230691835299
9016,60.13914797444785
9017,53.20865286099687
9018,62.54633498079687
9019,70.71361233404373
9020,62.44933493956826
9021,67.08817170877015
9022,80.78585335274049
9023,82.36174919824937
9024,50.55543161542359
9025,64.0603080878326
9026,43.819461423724306
9027,49.07040865907613
9028,49.43208672291883
9029,51.79337006804356
9030,55.897742033328576
9031,42.866659421828714
9032,55.31787200314078
9033,95.16740714806784
9034,59.37401816982655
9035,52.01275128374768
9036,59.455031593822774
9037,70.28246408799151
9038,64.71438303734098
9039,64.41658218706658
9040,54.8485521824313
9041,37.46404735681737
9042,72.3716653233729
9043,55.910508261388586
9044,83.30778212788753
9045,47.37606497108266
9046,61.38708950602004
9047,45.525169409061085
9048,58.041830505730594
9049,77.70735772692572
9050,63.54055816901537
9051,57.684423881564484
9052,56.169195392932146
9053,57.8146301024246
9054,50.75111547178002
9055,63.08944862465044
9056,34.946320215758924
9057,49.26385224861995
9058,52.42865566365903
9059,47.516531736237994
9060,61.77892303206365
9061,69.47830470742949
9062,50.69791234337341
9063,74.0860530199531
9064,64.53943068159808
9065,71.58339730861408
9066,57.63834596644993
9067,64.91881838766503
9068,53.293068737328255
9069,82.14535001440638
9070,41.78924878975168
9071,71.46685756982212
9072,47.92312565474673
9073,59.24657910169849
9074,40.41422892112554
9075,55.38873127939702
9076,67.33771677759209
9077,67.3953857028909
9078,82.56706135791515
9079,54.67617772139192
9080,70.46641877366538
9081,61.91477748843546
9082,62.87172294996748
9083,80.94190568058262
9084,47.466315137146
9085,46.11750460096409
9086,72.13548996984207
9087,53.69957741450512
9088,49.979110092574516
9089,59.17173047450243
9090,57.182298777202206
9091,46.070159864381445
9092,48.65735045998375
9093,59.099955408013386
9094,53.65493177273163
9095,44.10487002858387
9096,55.485602633556724
9097,63.706955725701015
9098,70.81104469468912
9099,64.02954743233514
9100,47.03927446515219
9101,61.52129349912694
9102,67.70192988416088
9103,55.65876578365203
9104,56.392645020236365
9105,42.02392224487718
9106,43.43164481471031
9107,70.57986823002344
9108,52.40118852378997
9109,57.24339416715901
9110,46.22155830306657
9111,57.111213420261166
9112,66.46119196626196
9113,52.40864442421764
9114,55.63822308159363
9115,54.870584961960915
9116,54.97969933225842
9117,65.80133377621462
9118,54.61086691475115
9119,77.61232242053771
9120,48.48567073952706
9121,52.61974015494517
9122,80.71096567154278
9123,44.59909159402181
9124,50.282227779320934
9125,42.71366230849414
9126,43.231963821320605
9127,52.10297356117477
9128,61.801527810619234
9129,51.50320780843727
9130,70.02047404520627
9131,50.91419265448897
9132,46.24319923977411
9133,53.58018288013337
9134,60.54747883799288
9135,66.69298913713642
9136,52.00490558112839
9137,39.6765858563328
9138,62.41866701855696
9139,58.3155122163577
9140,77.61490144241293
9141,65.99156817552452
9142,38.819335482807666
9143,80.61524553016152
9144,72.03017146244834
9145,95.83161332732352
9146,81.97008613175362
9147,49.58688666552522
9148,52.75971185580153
9149,65.4035417759797
9150,50.92685156961359
9151,56.365398835085536
9152,52.17932889394096
9153,54.970978259286696
9154,53.98997720161013
9155,49.88573402827113
9156,52.19100575586897
9157,47.86652997464958
9158,64.2201804539122
9159,45.22893080797586
9160,40.874644227380955
9161,63.25112715937979
9162,65.59738544191887
9163,65.01857457180877
9164,74.22831698767223
9165,60.10523640968877
9166,66.62753025285166
9167,74.46533762086064
9168,64.18165583074745
9169,49.816323052027
9170,73.09843329322662
9171,80.67195582663793
9172,73.92016420670839
9173,63.409446442815394
9174,53.66046394390571
9175,55.06363337174647
9176,65.08051399518256
9177,53.04359223807059
9178,56.116585683090875
9179,63.7715368332865
9180,44.468934613704675
9181,62.565945584080154
9182,55.63952581854706
9183,59.85181936311949
9184,57.534714880687226
9185,62.002271708468605
9186,61.295295903547
9187,52.10112284498672
9188,59.862059487951356
9189,60.46429598311353
9190,75.17047132494828
9191,67.20285314828503
9192,49.60139851337692
9193,64.3262648863996
9194,65.52968471356174
9195,74.15006718571343
9196,45.83061541482125
9197,83.06294735426063
9198,58.4489896678931
9199,56.61016084985979
9200,56.501272174248854
9201,55.57715899268517
9202,63.72236695089098
9203,44.69405091506262
9204,66.83868190206442
9205,59.43139747611881
9206,55.93418146207076
9207,73.92607023073045
9208,45.25405569741067
9209,51.02427161560204
9210,60.805496367218325
9211,62.42458674156178
9212,60.603486877871056
9213,76.8737330910767
9214,50.89841578181482
9215,58.718780113951695
9216,63.5074199933703
9217,61.0606570252837
9218,59.761728192187675
9219,64.55161372061943
9220,49.62106681033149
9221,46.295204378021495
9222,52.7229062483335
9223,74.72174314039295
9224,55.612298639561914
9225,61.01259964485415
9226,50.832823377584695
9227,54.80620100201859
9228,66.55877040719808
9229,60.861842105625
9230,45.80062160691308
9231,42.06122686607201
9232,42.911222990557995
9233,47.15693484527655
9234,75.48247883175901
9235,44.53600993606681
9236,66.98863881691781
9237,57.09392028090785
9238,55.569012406275405
9239,51.510739107158166
9240,55.45057894187975
9241,58.93813135384702
9242,63.694180015446875
9243,73.8515954708121
9244,66.0597262932549
9245,59.04653811826995
9246,78.53062203080155
9247,60.223108393072366
9248,46.106230707220384
9249,68.5915845509792
9250,55.87773412058287
9251,49.89787527739931
9252,52.35830933962194
9253,49.12930752906643
9254,71.73924000691063
9255,61.60127827122032
9256,54.85139740001821
9257,59.39865536448874
9258,64.95806221016608
9259,81.10067577429122
9260,59.95288473826228
9261,54.76261066135178
9262,61.09919989701575
9263,49.373311378351815
9264,59.703118489365316
9265,56.778252631258816
9266,48.331086097438245
9267,57.59501208575328
9268,61.57887443548874
9269,71.20676577452346
9270,60.14155031568451
9271,62.36431728021323
9272,43.40304202634701
9273,49.37992344982496
9274,49.992854912154826
9275,59.63215662689996
9276,56.389741104811
9277,95.57979867003817
9278,55.725250386430254
9279,52.826602764862756
9280,40.45608020435594
9281,59.5512337104105
9282,42.16509080651457
9283,69.5832671549283
9284,53.41644097732857
9285,69.0232306136418
9286,51.4085968930566
9287,68.06599793473258
9288,70.47732664163446
9289,56.928695025660616
9290,42.07853224479747
9291,88.5749997281998
9292,70.45979015689241
9293,58.50338204312838
9294,74.36206931831173
9295,66.8411615626419
9296,51.181818444298905
9297,65.18492178207474
9298,53.60191797372304
9299,40.282638717552345
9300,49.547264020109864
9301,60.46119151435649
9302,69.6033791169366
9303,56.8691943183686
9304,55.887291281315015
9305,68.454291337883
9306,57.27309192804912
9307,59.2104059207246
9308,87.57040103217847
9309,81.32318622993537
9310,46.8643829497306
9311,57.773135310222486
9312,57.64179200921156
9313,72.98601969396836
9314,75.75490406518351
9315,48.00329290014575
9316,56.39680518904273
9317,63.825506885290224
9318,55.97394694891527
9319,48.853335564752925
9320,77.14624397074685
9321,79.31212102851012
9322,62.03696087023085
9323,65.29724460513074
9324,56.43130361419774
9325,49.04526448104648
9326,52.68567008446619
9327,44.02090708553668
9328,60.184163224622
9329,40.96496919297447
9330,48.14313920710381
9331,78.04974492202903
9332,67.35700351696138
9333,48.116914688174965
9334,47.321754511365924
9335,63.03767456180519
9336,51.384650073918635
9337,56.706190113282446
9338,59.87568329260523
9339,72.72630393919799
9340,42.85580542016561
9341,55.3945053217
9342,51.84230500598475
9343,81.06152451829365
9344,61.20275510025156
9345,48.60708545983401
9346,41.86514663428951
9347,56.63069689244058
9348,66.44982837351569
9349,75.62035870914185
9350,56.83997482197873
9351,81.88162780497561
9352,64.71596934345105
9353,71.97465428718894
9354,47.475568851578245
9355,56.98508284232842
9356,51.831193830234554
9357,60.49978181920763
9358,51.253422761128675
9359,59.230526777994214
9360,59.10571493348452
9361,59.22533259718686
9362,44.384823683012904
9363,52.63185041080262
9364,56.433606180011324
9365,58.16813383558271
9366,52.49785087535971
9367,49.430662641876964
9368,54.49428932255937
9369,57.43924558160093
9370,59.19788637207931
9371,51.392292464615466
9372,70.11166617172977
9373,52.60129615050247
9374,55.799926427889474
9375,53.0115696152355
9376,49.53113321803422
9377,53.61312223009401
9378,81.60692350310983
9379,54.681432572381695
9380,48.936905476386364
9381,51.83027897027915
9382,63.753043122389066
9383,65.1360553474487
9384,74.56897553292347
9385,63.755393082779015
9386,64.99476487190546
9387,55.14947233302736
9388,58.9078897063143
9389,66.69015552446695
9390,53.78622751973935
9391,43.42581957342968
9392,46.09030479717951
9393,51.96888516451376
9394,63.32691405124033
9395,52.71268409208356
9396,64.00146529213912
9397,52.742399218761726
9398,82.98233323689536
9399,79.25870128671474
9400,80.25081357897834
9401,42.36306655984383
9402,52.88669315522945
9403,59.598040139103276
9404,56.84310788773903
9405,47.770710126164175
9406,51.905023577746604
9407,43.88416196239866
9408,64.49491971060208
9409,59.60170075704466
9410,42.13140218203048
9411,75.50476341054438
9412,43.966288371343765
9413,45.50119352250636
9414,58.54669577545218
9415,59.269653643730535
9416,68.65199879775409
9417,42.85254992324693
9418,51.78686341220153
9419,51.67992100270709
9420,79.48445279447489
9421,61.12400420033141
9422,68.53831059085817
9423,73.03944675969278
9424,57.915981405985974
9425,58.126320908593264
9426,83.7098032161157
9427,56.09957804816943
9428,63.40229915108431
9429,51.56245860654741
9430,87.70491970487019
9431,62.01685263931442
9432,64.19986974252286
9433,51.15794178711296
9434,52.36545574502615
9435,70.93005775155082
9436,47.50169688859124
9437,45.86913036771131
9438,65.30354199516606
9439,53.88492437957134
9440,55.966692147465366
9441,45.13886169765111
9442,42.83473486263309
9443,67.14183048238417
9444,41.295867945168894
9445,63.59868732370397
9446,57.63602422067472
9447,55.35153068610164
9448,49.482317132860565
9449,60.47091470820144
9450,43.216834511801196
9451,58.937569060011356
9452,41.93373137884011
9453,55.245243910049666
9454,46.24914182010898
9455,44.632152102817436
9456,60.051177090895656
9457,58.1275305811803
9458,69.78314437389403
9459,52.30572757967216
9460,56.97568320427321
9461,45.82886978344053
9462,63.01305355572026
9463,59.02506062409141
9464,69.83536112480527
9465,73.57679080754069
9466,47.01499788126301
9467,58.576384720136346
9468,40.623630972744735
9469,42.26900115315759
9470,57.76724763612221
9471,53.14942305631888
9472,46.96054909476423
9473,69.05983609664409
9474,57.03877663171336
9475,47.49338808973412
9476,52.27407694886158
9477,80.29240006065451
9478,49.33946286287178
9479,50.5591572074807
9480,46.94630545604962
9481,61.48445282510022
9482,54.89964001416534
9483,80.18490750676523
9484,48.294806029002196
9485,78.4280123095334
9486,64.8394080831346
9487,66.1550766298068
9488,65.80957978981122
9489,73.55556016983374
9490,49.88541400468036
9491,55.462476192219626
9492,42.47135222290589
9493,54.24797311028597
9494,52.339263126040876
9495,44.26172136825221
9496,50.52406844377466
9497,57.547892653385006
9498,53.174144563890536
9499,65.88993587762911
9500,54.72298499057399
9501,47.34968316433988
9502,74.73636829199492
9503,55.01115911442422
9504,54.34910139249723
9505,47.440419172405846
9506,52.76861043518879
9507,67.41340048294019
9508,73.07637472684074
9509,74.5712185865148
9510,96.22395768544297
9511,52.0169144172992
9512,54.33277949693512
9513,61.56494672169536
9514,81.35092802828343
9515,54.082533310285285
9516,62.643395031532215
9517,70.51115219146125
9518,55.41487597731236
9519,53.48175498412296
9520,67.15188769830327
9521,60.948237252489506
9522,59.315682415241795
9523,58.685582312031485
9524,69.54451238834187
9525,64.76118715706323
9526,48.48902600597687
9527,60.60562074489229
9528,73.90087810765671
9529,65.7160368735376
9530,46.04294289283769
9531,73.76004693751938
9532,50.52209786072888
9533,47.93702149977001
9534,55.63524902027427
9535,64.07932744986826
9536,71.64989891678131
9537,50.37449240587885
9538,52.799582896769195
9539,43.92012255523817
9540,43.98347341611809
9541,47.31356453780098
9542,41.82034704335673
9543,62.97554128791764
9544,64.71627297904712
9545,53.582529826400105
9546,58.253526633251205
9547,46.06089604057453
9548,66.0785411460181
9549,59.84533729356269
9550,64.79695777274793
9551,63.229867534772815
9552,55.99923102488069
9553,64.35446889457981
9554,82.05351260578331
9555,46.628392999283335
9556,61.68624818294819
9557,61.008338005240624
9558,55.87052680803498
9559,54.54510983020906
9560,53.54076506396158
9561,50.97508700940078
9562,82.12495074012566
9563,69.74368729110839
9564,95.44859699607954
9565,68.53131526037096
9566,49.96126057260443
9567,60.482743582611555
9568,53.668610079071755
9569,66.43028378632553
9570,50.50622381364404
9571,70.55364789681055
9572,46.18239795557655
9573,56.771132215834506
9574,68.39639165063589
9575,81.13003811203785
9576,71.06229370725836
9577,58.62812344080087
9578,54.215524659286686
9579,65.26116762203182
9580,69.74021808548159
9581,54.99305907992159
9582,40.40432356590983
9583,83.76600255951925
9584,58.19746306503036
9585,76.82435000039857
9586,56.95029956492449
9587,58.7134118448735
9588,53.160841608063926
9589,88.1121731677267
9590,64.14361267799691
9591,57.26431883971854
9592,78.680516338714
9593,61.8476781207209
9594,60.80565657607375
9595,63.90848243794831
9596,58.7983247648808
9597,52.49438957706101
9598,63.238988611208924
9599,60.56804190972218
9600,68.22538882519349
9601,53.357067078573564
9602,58.14636919493673
9603,55.505118117079164
9604,54.172443379760296
9605,58.40233030806094
9606,68.69248208821448
9607,72.50763325305533
9608,48.77373492909262
9609,60.94369877052985
9610,73.34008219595944
9611,62.12374531783693
9612,53.91129193783771
9613,42.71267210596964
9614,55.69801403941237
9615,59.3761096997978
9616,70.39452329831931
9617,56.63263535740398
9618,80.18769956350025
9619,57.681979453422265
9620,57.69374766301794
9621,55.90469727730222
9622,54.67480829316544
9623,60.06645474472432
9624,54.3232840833795
9625,63.41486471093519
9626,45.95849645151513
9627,47.99344031842115
9628,92.53432266039945
9629,66.168980801756
9630,46.91573804185901
9631,61.46314402658046
9632,53.70732941066584
9633,68.69245790259707
9634,64.08680526609598
9635,52.186930335663035
9636,79.28899575757258
9637,61.24233077725887
9638,57.58823286535378
9639,57.06604335640692
9640,67.25609281104424
9641,62.39201296987668
9642,51.466488131458355
9643,60.83014182671417
9644,61.02720443994191
9645,53.038822624398755
9646,81.89653191732339
9647,49.19936607747833
9648,61.69438858039079
9649,55.23075866370017
9650,60.526544056280976
9651,68.25009874415193
9652,57.87420878238392
9653,81.46219066450627
9654,52.74973893806968
9655,62.89993813885699
9656,68.30454064616956
9657,47.130456895769115
9658,49.41104725565001
9659,64.22953514800017
9660,51.13989423499061
9661,69.90733971147463
9662,61.029856670357916
9663,73.73657626963909
9664,81.29392107323
9665,50.34822024491539
9666,63.28464806634521
9667,48.46889838300416
9668,59.311732644352354
9669,60.592462986507975
9670,48.835175393142606
9671,66.2646429539265
9672,59.02036120822815
9673,64.13334653847048
9674,58.46308714604987
9675,48.396027182503204
9676,58.54492024178408
9677,72.91063112203044
9678,70.32071103978463
9679,55.04423760924659
9680,57.05595918907193
9681,41.738254665052864
9682,60.93316843434925
9683,54.57540477793729
9684,48.24317311498569
9685,65.48411305665203
9686,58.0537795266952
9687,77.78448168609664
9688,48.04300876336292
9689,54.30042733514365
9690,52.45629994792961
9691,64.43924997169418
9692,68.36205164187943
9693,87.60482810238302
9694,81.99839591927363
9695,75.87151920117822
9696,65.82580070157579
9697,52.672286092329
9698,74.31806008572072
9699,60.68782696644636
9700,43.24298420092505
9701,55.23630746537001
9702,57.259559270849124
9703,71.12656124678986
9704,68.67685181573836
9705,71.66599776349679
9706,60.724346965679636
9707,74.38852268692526
9708,65.8349514474426
9709,36.364832067651925
9710,47.57043559558221
9711,69.07866232333843
9712,55.86659825657925
9713,40.8368036041734
9714,75.27641762924046
9715,57.20291224606249
9716,48.28713197813804
9717,57.83112485081011
9718,61.70859793786066
9719,48.499281212035726
9720,54.97476326929505
9721,50.198510842483756
9722,75.16092479897047
9723,42.03255612048498
9724,65.06697329251664
9725,58.609401078888354
9726,57.40022755054704
9727,47.08531904399777
9728,64.88090875717549
9729,56.35265886257049
9730,54.72808008281559
9731,60.05076851356663
9732,64.21996113148568
9733,78.21045707430675
9734,52.19737459271855
9735,43.22190071780334
9736,58.30929617915332
9737,55.174089276676476
9738,54.61648117294137
9739,58.8770528742681
9740,63.684280194820516
9741,57.303611672306715
9742,56.35828261521429
9743,60.80414240590062
9744,61.66563557135269
9745,71.88705153926628
9746,59.50885218677162
9747,53.46051856457975
9748,59.72507933374622
9749,58.216385454865716
9750,49.80879709989201
9751,51.67367795916756
9752,79.36488059575053
9753,48.909304368197986
9754,72.32295618899833
9755,48.565520977482436
9756,67.40005753875639
9757,40.13080886376527
9758,58.358748771713714
9759,60.4634233821008
9760,57.877460317150245
9761,58.88691417262969
9762,34.294547904061666
9763,69.64515655905001
9764,50.66767526098223
9765,72.2743644161825
9766,90.4544004883217
9767,55.62408941491201
9768,56.67669199196975
9769,70.05357134322279
9770,49.210384516906586
9771,68.47543734998385
9772,60.72089591804627
9773,51.93572742103528
9774,73.60576921139283
9775,58.62644825264916
9776,45.377180045594216
9777,55.28770403452116
9778,70.95562656433842
9779,46.7899465397224
9780,54.812271159827674
9781,49.97392351810368
9782,56.90618129496606
9783,41.05808331266579
9784,47.23225582655293
9785,65.01771332775263
9786,57.75140601314564
9787,48.08442659439166
9788,35.98739304143886
9789,71.92989981496571
9790,53.20478295996467
9791,61.19269386782209
9792,66.69768459265595
9793,68.53721032190998
9794,46.78624345885063
9795,73.63964872844652
9796,79.25968590582599
9797,68.0624915315022
9798,77.6298091975157
9799,44.92273753837373
9800,60.09096721550377
9801,50.425261519031054
9802,66.29735834738217
9803,51.60265937255148
9804,59.21795324108079
9805,66.10646993190893
9806,63.303845190966285
9807,60.23113883094866
9808,60.69540206298454
9809,48.64648130877999
9810,66.63147752305844
9811,54.89370065697077
9812,37.491259090666574
9813,65.35238260754247
9814,82.34152578151274
9815,60.3812641272086
9816,62.13582123604226
9817,48.20939844916014
9818,57.01621132449677
9819,43.523104164953324
9820,52.29126635068235
9821,44.29373885652479
9822,62.45052994655934
9823,52.64393827670352
9824,80.47690700305841
9825,54.21627478972166
9826,56.545071186130386
9827,55.956939474179464
9828,51.848338636785925
9829,56.43425271919684
9830,52.89564230028371
9831,60.44437321014216
9832,50.92305668231234
9833,73.7973553819482
9834,55.705587127643945
9835,44.90170410143738
9836,57.393159047450126
9837,50.59148636169193
9838,70.99800032152396
9839,56.13158811569663
9840,76.03250728629897
9841,56.73265339012372
9842,66.00792550919887
9843,41.976036493107145
9844,61.63462373314458
9845,40.881864784484605
9846,74.84653373140105
9847,53.91055030150277
9848,51.87175336879382
9849,50.37236399478413
9850,56.28644298733907
9851,59.03721348570838
9852,67.82163282215677
9853,65.66946177638756
9854,41.644700574360435
9855,63.77417664005206
9856,73.96604811019793
9857,61.80194990955753
9858,68.34838538345957
9859,70.20740476307564
9860,46.37602186093261
9861,55.92598541313849
9862,52.402970747645824
9863,73.02788162344856
9864,74.33746824753301
9865,49.19305733997031
9866,57.81147181825785
9867,79.9575651155942
9868,55.134662869922124
9869,54.829842074055875
9870,72.56845083547009
9871,71.26474720084258
9872,63.23904276660039
9873,51.10461307296861
9874,86.07686939348089
9875,44.76066467313929
9876,64.35406292180205
9877,79.92800819798576
9878,50.98511459054369
9879,50.83682880581379
9880,50.12093782585475
9881,61.27914228194137
9882,67.7359789269981
9883,61.53332531305966
9884,77.67015203969963
9885,69.19443463727123
9886,51.49227411697069
9887,50.148373865205684
9888,83.0606367648048
9889,58.10562138867256
9890,47.474359135428344
9891,77.19419743538307
9892,66.95117707041375
9893,47.85059469484678
9894,74.54254910069653
9895,78.00730948297601
9896,59.542480227543344
9897,52.998921984769446
9898,60.35988035039759
9899,46.88410189599377
9900,60.30479870818131
9901,58.449097640679426
9902,60.18628967973133
9903,77.11618989187608
9904,67.27922852675555
9905,52.79755380796381
9906,42.299597329485565
9907,52.17286099386515
9908,64.17538199850155
9909,56.53259803574938
9910,76.01589069559752
9911,65.04361644230487
9912,63.15314659744371
9913,38.83183651642209
9914,61.88217595068507
9915,56.39237032604442
9916,65.12108368429276
9917,59.03337703628737
9918,45.1221242106575
9919,41.88644185856335
9920,63.2627290771696
9921,60.791903820374614
9922,72.16249075273282
9923,50.747755942637596
9924,78.96255464849995
9925,48.020251844708056
9926,80.91987714061824
9927,60.65757782498334
9928,49.397869648619896
9929,64.2180942491626
9930,54.47507010889085
9931,60.18089177398699
9932,54.57293669734154
9933,67.47005456874228
9934,47.079589790738375
9935,78.62272697418616
9936,74.24159744352205
9937,53.69704691511431
9938,77.22912645503968
9939,62.39376983092039
9940,43.50264077352894
9941,65.08311599773096
9942,90.92202605389691
9943,55.76627798700164
9944,48.64370861251956
9945,62.5050152732479
9946,79.23042168385709
9947,51.5244133238762
9948,43.766579183202815
9949,76.7058895932717
9950,60.74293269462296
9951,54.56789351453008
9952,58.89571532358195
9953,82.78349838590952
9954,76.34523380487873
9955,68.56488191801145
9956,46.23760115998031
9957,72.82853199586714
9958,60.658208060646146
9959,51.790829005264015
9960,67.16701781020474
9961,59.98463684640107
9962,71.15280335309737
9963,43.95383232928217
9964,57.65823463779124
9965,70.76501656483428
9966,60.54453419934083
9967,68.21655984395913
9968,68.71089930014107
9969,73.29842985252898
9970,49.19618451175778
9971,67.87454259125192
9972,61.52016862392101
9973,49.60330467110824
9974,47.226974163316484
9975,51.55695193021992
9976,55.731740517210824
9977,61.64057794317057
9978,60.44790269826922
9979,59.84929471854315
9980,57.95194637121963
9981,57.96274969025508
9982,50.65126318468749
9983,46.795657106943125
9984,48.3874172370459
9985,50.094405117432636
9986,61.0779951166513
9987,58.80295625311696
9988,56.16287624636584
9989,50.658454230768925
9990,64.60529080767483
9991,57.215027040177446
9992,52.68485588052097
9993,48.27200909678184
9994,59.054362006601096
9995,76.35851877914018
9996,59.872997407381625
9997,52.55750091336798
9998,60.15150401950084
9999,55.1091326405049
10000,51.443599746905264
